utahcancer.com/a-milestone-of-hope/,https://utahcancer.com/stories/dukhi-hong/,301,TRUE,TRUE,FALSE,FALSE
utahcancer.com/a-milestone-of-hope,https://utahcancer.com/stories/dukhi-hong/,301,TRUE,TRUE,FALSE,FALSE
utahcancer.com/about-utah-cancer-specialists/,https://utahcancer.com/about/,301,TRUE,TRUE,FALSE,FALSE
utahcancer.com/about-utah-cancer-specialists,https://utahcancer.com/about/,301,TRUE,TRUE,FALSE,FALSE
utahcancer.com/a-team-approach/,https://utahcancer.com/programs-and-services/,301,TRUE,TRUE,FALSE,FALSE
utahcancer.com/a-team-approach,https://utahcancer.com/programs-and-services/,301,TRUE,TRUE,FALSE,FALSE
utahcancer.com/all-locations/,https://utahcancer.com/locations/,301,TRUE,TRUE,FALSE,FALSE
utahcancer.com/all-locations,https://utahcancer.com/locations/,301,TRUE,TRUE,FALSE,FALSE
utahcancer.com/amy-jensens-story/,https://utahcancer.com/stories/amy-jensen/,301,TRUE,TRUE,FALSE,FALSE
utahcancer.com/amy-jensens-story,https://utahcancer.com/stories/amy-jensen/,301,TRUE,TRUE,FALSE,FALSE
utahcancer.com/benign-hematology-treatment-in-utah/,https://utahcancer.com/specialties/benign-hematology/,301,TRUE,TRUE,FALSE,FALSE
utahcancer.com/benign-hematology-treatment-in-utah,https://utahcancer.com/specialties/benign-hematology/,301,TRUE,TRUE,FALSE,FALSE
utahcancer.com/bladder-cancer-treatment-in-utah/,https://utahcancer.com/specialties/bladder-cancer/,301,TRUE,TRUE,FALSE,FALSE
utahcancer.com/bladder-cancer-treatment-in-utah,https://utahcancer.com/specialties/bladder-cancer/,301,TRUE,TRUE,FALSE,FALSE
utahcancer.com/blood-cancer-treatment-in-utah/,https://utahcancer.com/specialties/blood-cancers/,301,TRUE,TRUE,FALSE,FALSE
utahcancer.com/blood-cancer-treatment-in-utah,https://utahcancer.com/specialties/blood-cancers/,301,TRUE,TRUE,FALSE,FALSE
utahcancer.com/bone-cancer-osteosarcomas-treatment-in-utah/,https://utahcancer.com/specialties/bone-cancers/,301,TRUE,TRUE,FALSE,FALSE
utahcancer.com/bone-cancer-osteosarcomas-treatment-in-utah,https://utahcancer.com/specialties/bone-cancers/,301,TRUE,TRUE,FALSE,FALSE
utahcancer.com/bone-marrow-failure-syndromes-treatment-in-utah/,https://utahcancer.com/specialties/bone-marrow-failure/,301,TRUE,TRUE,FALSE,FALSE
utahcancer.com/bone-marrow-failure-syndromes-treatment-in-utah,https://utahcancer.com/specialties/bone-marrow-failure/,301,TRUE,TRUE,FALSE,FALSE
utahcancer.com/bountiful/,https://utahcancer.com/locations/bountiful/,301,TRUE,TRUE,FALSE,FALSE
utahcancer.com/bountiful,https://utahcancer.com/locations/bountiful/,301,TRUE,TRUE,FALSE,FALSE
utahcancer.com/brain-cancer-treatment-in-utah/,https://utahcancer.com/specialties/brain-cancers/,301,TRUE,TRUE,FALSE,FALSE
utahcancer.com/brain-cancer-treatment-in-utah,https://utahcancer.com/specialties/brain-cancers/,301,TRUE,TRUE,FALSE,FALSE
utahcancer.com/breast-cancer-treatment-in-utah/,https://utahcancer.com/specialties/breast-cancer/,301,TRUE,TRUE,FALSE,FALSE
utahcancer.com/breast-cancer-treatment-in-utah,https://utahcancer.com/specialties/breast-cancer/,301,TRUE,TRUE,FALSE,FALSE
utahcancer.com/cancer-center/,https://utahcancer.com/locations/cancer-center/,301,TRUE,TRUE,FALSE,FALSE
utahcancer.com/cancer-center,https://utahcancer.com/locations/cancer-center/,301,TRUE,TRUE,FALSE,FALSE
utahcancer.com/cancer-trial/a-global-multicenter-randomized-open-label-phase-3-study-of-sacituzumab-govitecan-versus-standard-of-care-soc-in-participants-with-previously-treated-extensive-stage-small-cell-lung-cancer-es-s/,https://utahcancer.com/late-phase-trials/#trials-es-sclc,301,TRUE,TRUE,FALSE,FALSE
utahcancer.com/cancer-trial/a-global-multicenter-randomized-open-label-phase-3-study-of-sacituzumab-govitecan-versus-standard-of-care-soc-in-participants-with-previously-treated-extensive-stage-small-cell-lung-cancer-es-s,https://utahcancer.com/late-phase-trials/#trials-es-sclc,301,TRUE,TRUE,FALSE,FALSE
utahcancer.com/cancer-trial/a-global-study-of-volrustomig-medi5752-for-participants-with-unresected-locally-advanced-head-and-neck-squamous-cell-carcinoma-following-definitive-concurrent-chemoradiotherapy-evolve-hnscc/,https://utahcancer.com/late-phase-trials/#trials-head-neck,301,TRUE,TRUE,FALSE,FALSE
utahcancer.com/cancer-trial/a-global-study-of-volrustomig-medi5752-for-participants-with-unresected-locally-advanced-head-and-neck-squamous-cell-carcinoma-following-definitive-concurrent-chemoradiotherapy-evolve-hnscc,https://utahcancer.com/late-phase-trials/#trials-head-neck,301,TRUE,TRUE,FALSE,FALSE
utahcancer.com/cancer-trial/a-phase-2-single-arm-study-of-incb123667-in-participants-with-platinum-resistant-ovarian-cancer-with-cyclin-e1-overexpression-maestra-1/,https://utahcancer.com/late-phase-trials/#trials-ovarian,301,TRUE,TRUE,FALSE,FALSE
utahcancer.com/cancer-trial/a-phase-2-single-arm-study-of-incb123667-in-participants-with-platinum-resistant-ovarian-cancer-with-cyclin-e1-overexpression-maestra-1,https://utahcancer.com/late-phase-trials/#trials-ovarian,301,TRUE,TRUE,FALSE,FALSE
utahcancer.com/cancer-trial/a-phase-3-randomized-multicenter-open-label-study-of-idrx-42-gsk6042981-versus-sunitinib-in-participants-with-metastatic-and-or-unresectable-gastrointestinal-stromal-tumors-gist-after-imatinib/,https://utahcancer.com/late-phase-trials/#trials-gist,301,TRUE,TRUE,FALSE,FALSE
utahcancer.com/cancer-trial/a-phase-3-randomized-multicenter-open-label-study-of-idrx-42-gsk6042981-versus-sunitinib-in-participants-with-metastatic-and-or-unresectable-gastrointestinal-stromal-tumors-gist-after-imatinib,https://utahcancer.com/late-phase-trials/#trials-gist,301,TRUE,TRUE,FALSE,FALSE
utahcancer.com/cancer-trial/a-phase-3-randomized-study-comparing-jnj-79635322-and-an-anti-bcmaxcd3-bispecific-antibody-in-participants-with-relapsed-or-refractory-multiple-myeloma-who-have-received-at-least-3-prior-lines-of-ther/,https://utahcancer.com/late-phase-trials/#trials-myeloma,301,TRUE,TRUE,FALSE,FALSE
utahcancer.com/cancer-trial/a-phase-3-randomized-study-comparing-jnj-79635322-and-an-anti-bcmaxcd3-bispecific-antibody-in-participants-with-relapsed-or-refractory-multiple-myeloma-who-have-received-at-least-3-prior-lines-of-ther,https://utahcancer.com/late-phase-trials/#trials-myeloma,301,TRUE,TRUE,FALSE,FALSE
utahcancer.com/cancer-trial/a-phase-3-study-of-setidegrasib-with-mfolfirinox-or-nalirifox-in-kras-g12d-mutated-metastatic-pancreatic-adenocarcinoma/,https://utahcancer.com/late-phase-trials/#trials-pancreatic,301,TRUE,TRUE,FALSE,FALSE
utahcancer.com/cancer-trial/a-phase-3-study-of-setidegrasib-with-mfolfirinox-or-nalirifox-in-kras-g12d-mutated-metastatic-pancreatic-adenocarcinoma,https://utahcancer.com/late-phase-trials/#trials-pancreatic,301,TRUE,TRUE,FALSE,FALSE
utahcancer.com/cancer-trial/a-phase-ii-iii-multisite-randomized-master-protocol-for-a-global-trial-of-bnt327-in-combination-with-chemotherapy-and-other-investigational-agents-in-first-line-non-small-cell-lung-cancer/,https://utahcancer.com/late-phase-trials/#trials-lung-rmc,301,TRUE,TRUE,FALSE,FALSE
utahcancer.com/cancer-trial/a-phase-ii-iii-multisite-randomized-master-protocol-for-a-global-trial-of-bnt327-in-combination-with-chemotherapy-and-other-investigational-agents-in-first-line-non-small-cell-lung-cancer,https://utahcancer.com/late-phase-trials/#trials-lung-rmc,301,TRUE,TRUE,FALSE,FALSE
utahcancer.com/cancer-trial/a-study-of-bispecific-antibody-mcla-158-in-patients-with-advanced-solid-tumors/,https://utahcancer.com/late-phase-trials/#trials-colorectal,301,TRUE,TRUE,FALSE,FALSE
utahcancer.com/cancer-trial/a-study-of-bispecific-antibody-mcla-158-in-patients-with-advanced-solid-tumors,https://utahcancer.com/late-phase-trials/#trials-colorectal,301,TRUE,TRUE,FALSE,FALSE
utahcancer.com/cancer-trial/a-study-of-pasritamig-versus-placebo-in-late-line-metastatic-castration-resistant-prostate-cancer-mcrpc/,https://utahcancer.com/late-phase-trials/#trials-prostate,301,TRUE,TRUE,FALSE,FALSE
utahcancer.com/cancer-trial/a-study-of-pasritamig-versus-placebo-in-late-line-metastatic-castration-resistant-prostate-cancer-mcrpc,https://utahcancer.com/late-phase-trials/#trials-prostate,301,TRUE,TRUE,FALSE,FALSE
utahcancer.com/cancer-trial/bgb-43395-plus-letrozole-versus-cdk4-6i-plus-letrozole-for-patients-with-advanced-or-metastatic-hr-her2-breast-cancer-who-have-not-received-prior-treatment-for-advanced-or-metastatic-disease/,https://utahcancer.com/late-phase-trials/#trials-hr-positive-breast,301,TRUE,TRUE,FALSE,FALSE
utahcancer.com/cancer-trial/bgb-43395-plus-letrozole-versus-cdk4-6i-plus-letrozole-for-patients-with-advanced-or-metastatic-hr-her2-breast-cancer-who-have-not-received-prior-treatment-for-advanced-or-metastatic-disease,https://utahcancer.com/late-phase-trials/#trials-hr-positive-breast,301,TRUE,TRUE,FALSE,FALSE
utahcancer.com/cancer-trial/clinical-study-of-ivonescimab-for-first-line-treatment-of-metastatic-nsclc-patients-with-high-pd-l1/,https://utahcancer.com/late-phase-trials/#trials-lung-rmc,301,TRUE,TRUE,FALSE,FALSE
utahcancer.com/cancer-trial/clinical-study-of-ivonescimab-for-first-line-treatment-of-metastatic-nsclc-patients-with-high-pd-l1,https://utahcancer.com/late-phase-trials/#trials-lung-rmc,301,TRUE,TRUE,FALSE,FALSE
utahcancer.com/cancer-trial/elacestrant-versus-standard-endocrine-therapy-in-women-and-men-with-node-positive-estrogen-receptor-positive-her2-negative-early-breast-cancer-with-high-risk-of-recurrence/,https://utahcancer.com/late-phase-trials/#trials-breast,301,TRUE,TRUE,FALSE,FALSE
utahcancer.com/cancer-trial/elacestrant-versus-standard-endocrine-therapy-in-women-and-men-with-node-positive-estrogen-receptor-positive-her2-negative-early-breast-cancer-with-high-risk-of-recurrence,https://utahcancer.com/late-phase-trials/#trials-breast,301,TRUE,TRUE,FALSE,FALSE
utahcancer.com/cancer-trial/observation-of-residual-cancer-with-liquid-biopsy-evaluation-oracle/,https://utahcancer.com/late-phase-trials/#trials-observational,301,TRUE,TRUE,FALSE,FALSE
utahcancer.com/cancer-trial/observation-of-residual-cancer-with-liquid-biopsy-evaluation-oracle,https://utahcancer.com/late-phase-trials/#trials-observational,301,TRUE,TRUE,FALSE,FALSE
utahcancer.com/cancer-trial/palazestrant-in-combination-with-ribociclib-for-the-first-line-treatment-of-er-her2-advanced-breast-cancer/,https://utahcancer.com/late-phase-trials/#trials-breast,301,TRUE,TRUE,FALSE,FALSE
utahcancer.com/cancer-trial/palazestrant-in-combination-with-ribociclib-for-the-first-line-treatment-of-er-her2-advanced-breast-cancer,https://utahcancer.com/late-phase-trials/#trials-breast,301,TRUE,TRUE,FALSE,FALSE
utahcancer.com/cancer-trial/phase-iii-study-of-ivonescimab-or-bevacizumab-combined-with-folfox-in-patients-with-metastatic-colorectal-cancer/,https://utahcancer.com/late-phase-trials/#trials-metastatic-colorectal,301,TRUE,TRUE,FALSE,FALSE
utahcancer.com/cancer-trial/phase-iii-study-of-ivonescimab-or-bevacizumab-combined-with-folfox-in-patients-with-metastatic-colorectal-cancer,https://utahcancer.com/late-phase-trials/#trials-metastatic-colorectal,301,TRUE,TRUE,FALSE,FALSE
utahcancer.com/cancer-trial/selective-trka-inhibitor-vmd-928-to-treat-trka-overexpression-driven-solid-tumors-or-lymphoma/,https://utahcancer.com/late-phase-trials/#trials-all-comers,301,TRUE,TRUE,FALSE,FALSE
utahcancer.com/cancer-trial/selective-trka-inhibitor-vmd-928-to-treat-trka-overexpression-driven-solid-tumors-or-lymphoma,https://utahcancer.com/late-phase-trials/#trials-all-comers,301,TRUE,TRUE,FALSE,FALSE
utahcancer.com/cancer-trial/study-of-daraxonrasib-rmc-6236-in-previously-treated-patients-with-ras-mutated-nsclc-rasolve-301/,https://utahcancer.com/late-phase-trials/#trials-lung-rmc,301,TRUE,TRUE,FALSE,FALSE
utahcancer.com/cancer-trial/study-of-daraxonrasib-rmc-6236-in-previously-treated-patients-with-ras-mutated-nsclc-rasolve-301,https://utahcancer.com/late-phase-trials/#trials-lung-rmc,301,TRUE,TRUE,FALSE,FALSE
utahcancer.com/cancer-trial/study-of-trastuzumab-deruxtecan-with-bevacizumab-versus-bevacizumab-monotherapy-for-first-line-maintenance-in-her2-expressing-ovarian-cancer-destiny-ovarian01/,https://utahcancer.com/late-phase-trials/#trials-ovarian,301,TRUE,TRUE,FALSE,FALSE
utahcancer.com/cancer-trial/study-of-trastuzumab-deruxtecan-with-bevacizumab-versus-bevacizumab-monotherapy-for-first-line-maintenance-in-her2-expressing-ovarian-cancer-destiny-ovarian01,https://utahcancer.com/late-phase-trials/#trials-ovarian,301,TRUE,TRUE,FALSE,FALSE
utahcancer.com/cancers-we-treat/,https://utahcancer.com/specialties/,301,TRUE,TRUE,FALSE,FALSE
utahcancer.com/cancers-we-treat,https://utahcancer.com/specialties/,301,TRUE,TRUE,FALSE,FALSE
utahcancer.com/category/articles/,https://utahcancer.com/articles/,301,TRUE,TRUE,FALSE,FALSE
utahcancer.com/category/articles,https://utahcancer.com/articles/,301,TRUE,TRUE,FALSE,FALSE
utahcancer.com/category/articles/events/,https://utahcancer.com/events/,301,TRUE,TRUE,FALSE,FALSE
utahcancer.com/category/articles/events,https://utahcancer.com/events/,301,TRUE,TRUE,FALSE,FALSE
utahcancer.com/cancer-rehabilitation-centers/,https://utahcancer.com/physical-therapy/,301,TRUE,TRUE,FALSE,FALSE
utahcancer.com/cancer-rehabilitation-centers,https://utahcancer.com/physical-therapy/,301,TRUE,TRUE,FALSE,FALSE
utahcancer.com/chronic-leukemia-treatment-in-utah/,https://utahcancer.com/specialties/chronic-leukemias/,301,TRUE,TRUE,FALSE,FALSE
utahcancer.com/chronic-leukemia-treatment-in-utah,https://utahcancer.com/specialties/chronic-leukemias/,301,TRUE,TRUE,FALSE,FALSE
utahcancer.com/clinical-trials/,https://utahcancer.com/clinical-trials/,301,TRUE,TRUE,FALSE,FALSE
utahcancer.com/clinical-trials,https://utahcancer.com/clinical-trials/,301,TRUE,TRUE,FALSE,FALSE
utahcancer.com/colon-cancer-treatment-in-utah/,https://utahcancer.com/specialties/colon-cancer/,301,TRUE,TRUE,FALSE,FALSE
utahcancer.com/colon-cancer-treatment-in-utah,https://utahcancer.com/specialties/colon-cancer/,301,TRUE,TRUE,FALSE,FALSE
utahcancer.com/contact/,https://utahcancer.com/contact/,301,TRUE,TRUE,FALSE,FALSE
utahcancer.com/contact,https://utahcancer.com/contact/,301,TRUE,TRUE,FALSE,FALSE
utahcancer.com/davis-hospital-campus/,https://utahcancer.com/locations/layton/,301,TRUE,TRUE,FALSE,FALSE
utahcancer.com/davis-hospital-campus,https://utahcancer.com/locations/layton/,301,TRUE,TRUE,FALSE,FALSE
utahcancer.com/dr-xylina-gregg-oncologist-at-utah-cancer-specialists-president-elect-of-sumo/,https://utahcancer.com/providers/xylina-gregg/,301,TRUE,TRUE,FALSE,FALSE
utahcancer.com/dr-xylina-gregg-oncologist-at-utah-cancer-specialists-president-elect-of-sumo,https://utahcancer.com/providers/xylina-gregg/,301,TRUE,TRUE,FALSE,FALSE
utahcancer.com/education-videos/,https://utahcancer.com/patient-education/,301,TRUE,TRUE,FALSE,FALSE
utahcancer.com/education-videos,https://utahcancer.com/patient-education/,301,TRUE,TRUE,FALSE,FALSE
utahcancer.com/educational-resources/,https://utahcancer.com/patient-resources/,301,TRUE,TRUE,FALSE,FALSE
utahcancer.com/educational-resources,https://utahcancer.com/patient-resources/,301,TRUE,TRUE,FALSE,FALSE
utahcancer.com/endocrine-tumor-treatment-in-utah/,https://utahcancer.com/specialties/endocrine-tumors/,301,TRUE,TRUE,FALSE,FALSE
utahcancer.com/endocrine-tumor-treatment-in-utah,https://utahcancer.com/specialties/endocrine-tumors/,301,TRUE,TRUE,FALSE,FALSE
utahcancer.com/esophageal-cancer-treatment-in-utah/,https://utahcancer.com/specialties/esophageal-cancer/,301,TRUE,TRUE,FALSE,FALSE
utahcancer.com/esophageal-cancer-treatment-in-utah,https://utahcancer.com/specialties/esophageal-cancer/,301,TRUE,TRUE,FALSE,FALSE
utahcancer.com/fairbourne/,https://utahcancer.com/locations/granger/,301,TRUE,TRUE,FALSE,FALSE
utahcancer.com/fairbourne,https://utahcancer.com/locations/granger/,301,TRUE,TRUE,FALSE,FALSE
utahcancer.com/head-and-neck-cancer-treatment-in-utah/,https://utahcancer.com/specialties/head-neck-cancers/,301,TRUE,TRUE,FALSE,FALSE
utahcancer.com/head-and-neck-cancer-treatment-in-utah,https://utahcancer.com/specialties/head-neck-cancers/,301,TRUE,TRUE,FALSE,FALSE
utahcancer.com/intermountain-medical-center-campus/,https://utahcancer.com/locations/imc/,301,TRUE,TRUE,FALSE,FALSE
utahcancer.com/intermountain-medical-center-campus,https://utahcancer.com/locations/imc/,301,TRUE,TRUE,FALSE,FALSE
utahcancer.com/job-application/,https://utahcancer.com/careers/,301,TRUE,TRUE,FALSE,FALSE
utahcancer.com/job-application,https://utahcancer.com/careers/,301,TRUE,TRUE,FALSE,FALSE
utahcancer.com/jobs/,https://utahcancer.com/careers/,301,TRUE,TRUE,FALSE,FALSE
utahcancer.com/jobs,https://utahcancer.com/careers/,301,TRUE,TRUE,FALSE,FALSE
utahcancer.com/kidney-cancer-treatment-in-utah/,https://utahcancer.com/specialties/kidney-cancer/,301,TRUE,TRUE,FALSE,FALSE
utahcancer.com/kidney-cancer-treatment-in-utah,https://utahcancer.com/specialties/kidney-cancer/,301,TRUE,TRUE,FALSE,FALSE
utahcancer.com/late-phase-trials/,https://utahcancer.com/late-phase-trials/,301,TRUE,TRUE,FALSE,FALSE
utahcancer.com/late-phase-trials,https://utahcancer.com/late-phase-trials/,301,TRUE,TRUE,FALSE,FALSE
utahcancer.com/liver-cancer-treatment-in-utah/,https://utahcancer.com/specialties/liver-cancer/,301,TRUE,TRUE,FALSE,FALSE
utahcancer.com/liver-cancer-treatment-in-utah,https://utahcancer.com/specialties/liver-cancer/,301,TRUE,TRUE,FALSE,FALSE
utahcancer.com/locations-and-physicians/,https://utahcancer.com/locations/,301,TRUE,TRUE,FALSE,FALSE
utahcancer.com/locations-and-physicians,https://utahcancer.com/locations/,301,TRUE,TRUE,FALSE,FALSE
utahcancer.com/lung-cancer-treatment-in-utah/,https://utahcancer.com/specialties/lung-cancer/,301,TRUE,TRUE,FALSE,FALSE
utahcancer.com/lung-cancer-treatment-in-utah,https://utahcancer.com/specialties/lung-cancer/,301,TRUE,TRUE,FALSE,FALSE
utahcancer.com/lymphoma-treatment-in-utah/,https://utahcancer.com/specialties/lymphomas/,301,TRUE,TRUE,FALSE,FALSE
utahcancer.com/lymphoma-treatment-in-utah,https://utahcancer.com/specialties/lymphomas/,301,TRUE,TRUE,FALSE,FALSE
utahcancer.com/multiple-myeloma-treatment-in-utah/,https://utahcancer.com/specialties/multiple-myeloma/,301,TRUE,TRUE,FALSE,FALSE
utahcancer.com/multiple-myeloma-treatment-in-utah,https://utahcancer.com/specialties/multiple-myeloma/,301,TRUE,TRUE,FALSE,FALSE
utahcancer.com/myeloproliferative-disorders-treatment-in-utah/,https://utahcancer.com/specialties/myeloproliferative-disorders/,301,TRUE,TRUE,FALSE,FALSE
utahcancer.com/myeloproliferative-disorders-treatment-in-utah,https://utahcancer.com/specialties/myeloproliferative-disorders/,301,TRUE,TRUE,FALSE,FALSE
utahcancer.com/newly-diagnosed/,https://utahcancer.com/newly-diagnosed/,301,TRUE,TRUE,FALSE,FALSE
utahcancer.com/newly-diagnosed,https://utahcancer.com/newly-diagnosed/,301,TRUE,TRUE,FALSE,FALSE
utahcancer.com/ogden/,https://utahcancer.com/locations/ogden/,301,TRUE,TRUE,FALSE,FALSE
utahcancer.com/ogden,https://utahcancer.com/locations/ogden/,301,TRUE,TRUE,FALSE,FALSE
utahcancer.com/ovarian-cancer-treatment-in-utah/,https://utahcancer.com/specialties/ovarian-cancer/,301,TRUE,TRUE,FALSE,FALSE
utahcancer.com/ovarian-cancer-treatment-in-utah,https://utahcancer.com/specialties/ovarian-cancer/,301,TRUE,TRUE,FALSE,FALSE
utahcancer.com/pancreatic-gallbladder-cancer-treatment-in-utah/,https://utahcancer.com/specialties/pancreatic-gallbladder-cancer/,301,TRUE,TRUE,FALSE,FALSE
utahcancer.com/pancreatic-gallbladder-cancer-treatment-in-utah,https://utahcancer.com/specialties/pancreatic-gallbladder-cancer/,301,TRUE,TRUE,FALSE,FALSE
utahcancer.com/patient-advocacy/,https://utahcancer.com/programs-and-services/#patient-advocacy,301,TRUE,TRUE,FALSE,FALSE
utahcancer.com/patient-advocacy,https://utahcancer.com/programs-and-services/#patient-advocacy,301,TRUE,TRUE,FALSE,FALSE
utahcancer.com/patient-education-empowering-individuals-through-knowledge/,https://utahcancer.com/patient-education/,301,TRUE,TRUE,FALSE,FALSE
utahcancer.com/patient-education-empowering-individuals-through-knowledge,https://utahcancer.com/patient-education/,301,TRUE,TRUE,FALSE,FALSE
utahcancer.com/patient-education-empowering-individuals-through-knowledge/brain-tumors-the-basics/,https://utahcancer.com/specialties/brain-cancers/,301,TRUE,TRUE,FALSE,FALSE
utahcancer.com/patient-education-empowering-individuals-through-knowledge/brain-tumors-the-basics,https://utahcancer.com/specialties/brain-cancers/,301,TRUE,TRUE,FALSE,FALSE
utahcancer.com/patient-education/,https://utahcancer.com/patient-education/,301,TRUE,TRUE,FALSE,FALSE
utahcancer.com/patient-education,https://utahcancer.com/patient-education/,301,TRUE,TRUE,FALSE,FALSE
utahcancer.com/patient-resources/,https://utahcancer.com/patient-resources/,301,TRUE,TRUE,FALSE,FALSE
utahcancer.com/patient-resources,https://utahcancer.com/patient-resources/,301,TRUE,TRUE,FALSE,FALSE
utahcancer.com/pleasant-grove/,https://utahcancer.com/locations/pleasant-grove/,301,TRUE,TRUE,FALSE,FALSE
utahcancer.com/pleasant-grove,https://utahcancer.com/locations/pleasant-grove/,301,TRUE,TRUE,FALSE,FALSE
utahcancer.com/programs-and-services/,https://utahcancer.com/programs-and-services/,301,TRUE,TRUE,FALSE,FALSE
utahcancer.com/programs-and-services,https://utahcancer.com/programs-and-services/,301,TRUE,TRUE,FALSE,FALSE
utahcancer.com/prostate-cancer-treatment-in-utah/,https://utahcancer.com/specialties/prostate-cancer/,301,TRUE,TRUE,FALSE,FALSE
utahcancer.com/prostate-cancer-treatment-in-utah,https://utahcancer.com/specialties/prostate-cancer/,301,TRUE,TRUE,FALSE,FALSE
utahcancer.com/radiation-oncology/,https://utahcancer.com/radiation-oncology/,301,TRUE,TRUE,FALSE,FALSE
utahcancer.com/radiation-oncology,https://utahcancer.com/radiation-oncology/,301,TRUE,TRUE,FALSE,FALSE
utahcancer.com/rectal-cancer-treatment-in-utah/,https://utahcancer.com/specialties/rectal-cancer/,301,TRUE,TRUE,FALSE,FALSE
utahcancer.com/rectal-cancer-treatment-in-utah,https://utahcancer.com/specialties/rectal-cancer/,301,TRUE,TRUE,FALSE,FALSE
utahcancer.com/salt-lake/,https://utahcancer.com/locations/salt-lake/,301,TRUE,TRUE,FALSE,FALSE
utahcancer.com/salt-lake,https://utahcancer.com/locations/salt-lake/,301,TRUE,TRUE,FALSE,FALSE
utahcancer.com/slide_group/homepage-slides/,https://utahcancer.com/,301,TRUE,TRUE,FALSE,FALSE
utahcancer.com/slide_group/homepage-slides,https://utahcancer.com/,301,TRUE,TRUE,FALSE,FALSE
utahcancer.com/small-bowel-cancer-treatment-in-utah/,https://utahcancer.com/specialties/small-bowel-cancers/,301,TRUE,TRUE,FALSE,FALSE
utahcancer.com/small-bowel-cancer-treatment-in-utah,https://utahcancer.com/specialties/small-bowel-cancers/,301,TRUE,TRUE,FALSE,FALSE
utahcancer.com/soft-tissue-cancers-sarcomas-treatment-in-utah/,https://utahcancer.com/specialties/soft-tissue-sarcomas/,301,TRUE,TRUE,FALSE,FALSE
utahcancer.com/soft-tissue-cancers-sarcomas-treatment-in-utah,https://utahcancer.com/specialties/soft-tissue-sarcomas/,301,TRUE,TRUE,FALSE,FALSE
utahcancer.com/st-marks-hospital-radiation/,https://utahcancer.com/locations/st-marks/,301,TRUE,TRUE,FALSE,FALSE
utahcancer.com/st-marks-hospital-radiation,https://utahcancer.com/locations/st-marks/,301,TRUE,TRUE,FALSE,FALSE
utahcancer.com/startmountainregion/,https://utahcancer.com/locations/start/,301,TRUE,TRUE,FALSE,FALSE
utahcancer.com/startmountainregion,https://utahcancer.com/locations/start/,301,TRUE,TRUE,FALSE,FALSE
utahcancer.com/stomach-cancer-treatment-in-utah/,https://utahcancer.com/specialties/stomach-cancer/,301,TRUE,TRUE,FALSE,FALSE
utahcancer.com/stomach-cancer-treatment-in-utah,https://utahcancer.com/specialties/stomach-cancer/,301,TRUE,TRUE,FALSE,FALSE
utahcancer.com/team-group/advanced-practitioners/,https://utahcancer.com/providers/,301,TRUE,TRUE,FALSE,FALSE
utahcancer.com/team-group/advanced-practitioners,https://utahcancer.com/providers/,301,TRUE,TRUE,FALSE,FALSE
utahcancer.com/team-group/medical-oncology-and-hematology/,https://utahcancer.com/providers/,301,TRUE,TRUE,FALSE,FALSE
utahcancer.com/team-group/medical-oncology-and-hematology,https://utahcancer.com/providers/,301,TRUE,TRUE,FALSE,FALSE
utahcancer.com/team-group/physician-assistant/,https://utahcancer.com/providers/,301,TRUE,TRUE,FALSE,FALSE
utahcancer.com/team-group/physician-assistant,https://utahcancer.com/providers/,301,TRUE,TRUE,FALSE,FALSE
utahcancer.com/team-group/radiation-oncology/,https://utahcancer.com/providers/,301,TRUE,TRUE,FALSE,FALSE
utahcancer.com/team-group/radiation-oncology,https://utahcancer.com/providers/,301,TRUE,TRUE,FALSE,FALSE
utahcancer.com/team-group/supportive-and-rehabilitative-care/,https://utahcancer.com/providers/,301,TRUE,TRUE,FALSE,FALSE
utahcancer.com/team-group/supportive-and-rehabilitative-care,https://utahcancer.com/providers/,301,TRUE,TRUE,FALSE,FALSE
utahcancer.com/team-members-2/,https://utahcancer.com/providers/,301,TRUE,TRUE,FALSE,FALSE
utahcancer.com/team-members-2,https://utahcancer.com/providers/,301,TRUE,TRUE,FALSE,FALSE
utahcancer.com/team-members/,https://utahcancer.com/providers/,301,TRUE,TRUE,FALSE,FALSE
utahcancer.com/team-members,https://utahcancer.com/providers/,301,TRUE,TRUE,FALSE,FALSE
utahcancer.com/team-members/andrew-aloia/,https://utahcancer.com/providers/andrew-aloia/,301,TRUE,TRUE,FALSE,FALSE
utahcancer.com/team-members/andrew-aloia,https://utahcancer.com/providers/andrew-aloia/,301,TRUE,TRUE,FALSE,FALSE
utahcancer.com/team-members/anita-mcdonald/,https://utahcancer.com/providers/anita-mcdonald/,301,TRUE,TRUE,FALSE,FALSE
utahcancer.com/team-members/anita-mcdonald,https://utahcancer.com/providers/anita-mcdonald/,301,TRUE,TRUE,FALSE,FALSE
utahcancer.com/team-members/anne-marceau/,https://utahcancer.com/providers/anne-marceau/,301,TRUE,TRUE,FALSE,FALSE
utahcancer.com/team-members/anne-marceau,https://utahcancer.com/providers/anne-marceau/,301,TRUE,TRUE,FALSE,FALSE
utahcancer.com/team-members/belisario-arango/,https://utahcancer.com/providers/belisario-arango/,301,TRUE,TRUE,FALSE,FALSE
utahcancer.com/team-members/belisario-arango,https://utahcancer.com/providers/belisario-arango/,301,TRUE,TRUE,FALSE,FALSE
utahcancer.com/team-members/benjamin-l-solomon/,https://utahcancer.com/providers/benjamin-solomon/,301,TRUE,TRUE,FALSE,FALSE
utahcancer.com/team-members/benjamin-l-solomon,https://utahcancer.com/providers/benjamin-solomon/,301,TRUE,TRUE,FALSE,FALSE
utahcancer.com/team-members/bonnie-wallace-fnp-c/,https://utahcancer.com/providers/bonnie-wallace/,301,TRUE,TRUE,FALSE,FALSE
utahcancer.com/team-members/bonnie-wallace-fnp-c,https://utahcancer.com/providers/bonnie-wallace/,301,TRUE,TRUE,FALSE,FALSE
utahcancer.com/team-members/brighton-loveday/,https://utahcancer.com/providers/brighton-loveday/,301,TRUE,TRUE,FALSE,FALSE
utahcancer.com/team-members/brighton-loveday,https://utahcancer.com/providers/brighton-loveday/,301,TRUE,TRUE,FALSE,FALSE
utahcancer.com/team-members/brittany-weed/,https://utahcancer.com/providers/brittany-weed/,301,TRUE,TRUE,FALSE,FALSE
utahcancer.com/team-members/brittany-weed,https://utahcancer.com/providers/brittany-weed/,301,TRUE,TRUE,FALSE,FALSE
utahcancer.com/team-members/c-leland-rogers/,https://utahcancer.com/providers/leland-rogers/,301,TRUE,TRUE,FALSE,FALSE
utahcancer.com/team-members/c-leland-rogers,https://utahcancer.com/providers/leland-rogers/,301,TRUE,TRUE,FALSE,FALSE
utahcancer.com/team-members/daniel-miller/,https://utahcancer.com/providers/daniel-miller/,301,TRUE,TRUE,FALSE,FALSE
utahcancer.com/team-members/daniel-miller,https://utahcancer.com/providers/daniel-miller/,301,TRUE,TRUE,FALSE,FALSE
utahcancer.com/team-members/david-e-warner/,https://utahcancer.com/providers/david-warner/,301,TRUE,TRUE,FALSE,FALSE
utahcancer.com/team-members/david-e-warner,https://utahcancer.com/providers/david-warner/,301,TRUE,TRUE,FALSE,FALSE
utahcancer.com/team-members/deborah-hatch/,https://utahcancer.com/providers/deborah-hatch/,301,TRUE,TRUE,FALSE,FALSE
utahcancer.com/team-members/deborah-hatch,https://utahcancer.com/providers/deborah-hatch/,301,TRUE,TRUE,FALSE,FALSE
utahcancer.com/team-members/disean-kendall/,https://utahcancer.com/providers/disean-kendall/,301,TRUE,TRUE,FALSE,FALSE
utahcancer.com/team-members/disean-kendall,https://utahcancer.com/providers/disean-kendall/,301,TRUE,TRUE,FALSE,FALSE
utahcancer.com/team-members/douglas-holt/,https://utahcancer.com/providers/douglas-holt/,301,TRUE,TRUE,FALSE,FALSE
utahcancer.com/team-members/douglas-holt,https://utahcancer.com/providers/douglas-holt/,301,TRUE,TRUE,FALSE,FALSE
utahcancer.com/team-members/dustin-l-boothe/,https://utahcancer.com/providers/,301,TRUE,TRUE,FALSE,FALSE
utahcancer.com/team-members/dustin-l-boothe,https://utahcancer.com/providers/,301,TRUE,TRUE,FALSE,FALSE
utahcancer.com/team-members/gary-garner/,https://utahcancer.com/providers/gary-garner/,301,TRUE,TRUE,FALSE,FALSE
utahcancer.com/team-members/gary-garner,https://utahcancer.com/providers/gary-garner/,301,TRUE,TRUE,FALSE,FALSE
utahcancer.com/team-members/grant-k-hunter/,https://utahcancer.com/providers/,301,TRUE,TRUE,FALSE,FALSE
utahcancer.com/team-members/grant-k-hunter,https://utahcancer.com/providers/,301,TRUE,TRUE,FALSE,FALSE
utahcancer.com/team-members/greg-chipman/,https://utahcancer.com/providers/gregory-chipman/,301,TRUE,TRUE,FALSE,FALSE
utahcancer.com/team-members/greg-chipman,https://utahcancer.com/providers/gregory-chipman/,301,TRUE,TRUE,FALSE,FALSE
utahcancer.com/team-members/greg-litton/,https://utahcancer.com/providers/greg-litton/,301,TRUE,TRUE,FALSE,FALSE
utahcancer.com/team-members/greg-litton,https://utahcancer.com/providers/greg-litton/,301,TRUE,TRUE,FALSE,FALSE
utahcancer.com/team-members/heather-mcgivern/,https://utahcancer.com/providers/heather-mcgivern/,301,TRUE,TRUE,FALSE,FALSE
utahcancer.com/team-members/heather-mcgivern,https://utahcancer.com/providers/heather-mcgivern/,301,TRUE,TRUE,FALSE,FALSE
utahcancer.com/team-members/hyrum-prestwich/,https://utahcancer.com/providers/hyrum-prestwich/,301,TRUE,TRUE,FALSE,FALSE
utahcancer.com/team-members/hyrum-prestwich,https://utahcancer.com/providers/hyrum-prestwich/,301,TRUE,TRUE,FALSE,FALSE
utahcancer.com/team-members/james-shortridge/,https://utahcancer.com/providers/james-shortridge/,301,TRUE,TRUE,FALSE,FALSE
utahcancer.com/team-members/james-shortridge,https://utahcancer.com/providers/james-shortridge/,301,TRUE,TRUE,FALSE,FALSE
utahcancer.com/team-members/james-w-clarke/,https://utahcancer.com/providers/james-clarke/,301,TRUE,TRUE,FALSE,FALSE
utahcancer.com/team-members/james-w-clarke,https://utahcancer.com/providers/james-clarke/,301,TRUE,TRUE,FALSE,FALSE
utahcancer.com/team-members/jared-e-scott-ag-acnp-ag-accns/,https://utahcancer.com/providers/jared-scott/,301,TRUE,TRUE,FALSE,FALSE
utahcancer.com/team-members/jared-e-scott-ag-acnp-ag-accns,https://utahcancer.com/providers/jared-scott/,301,TRUE,TRUE,FALSE,FALSE
utahcancer.com/team-members/jason-stinnett/,https://utahcancer.com/providers/jason-stinnett/,301,TRUE,TRUE,FALSE,FALSE
utahcancer.com/team-members/jason-stinnett,https://utahcancer.com/providers/jason-stinnett/,301,TRUE,TRUE,FALSE,FALSE
utahcancer.com/team-members/john-hayes/,https://utahcancer.com/providers/john-hayes/,301,TRUE,TRUE,FALSE,FALSE
utahcancer.com/team-members/john-hayes,https://utahcancer.com/providers/john-hayes/,301,TRUE,TRUE,FALSE,FALSE
utahcancer.com/team-members/jonathan-whisenant/,https://utahcancer.com/providers/jonathan-whisenant/,301,TRUE,TRUE,FALSE,FALSE
utahcancer.com/team-members/jonathan-whisenant,https://utahcancer.com/providers/jonathan-whisenant/,301,TRUE,TRUE,FALSE,FALSE
utahcancer.com/team-members/jose-pacheco-md/,https://utahcancer.com/providers/jose-pacheco/,301,TRUE,TRUE,FALSE,FALSE
utahcancer.com/team-members/jose-pacheco-md,https://utahcancer.com/providers/jose-pacheco/,301,TRUE,TRUE,FALSE,FALSE
utahcancer.com/team-members/julie-luckart/,https://utahcancer.com/providers/julie-luckart/,301,TRUE,TRUE,FALSE,FALSE
utahcancer.com/team-members/julie-luckart,https://utahcancer.com/providers/julie-luckart/,301,TRUE,TRUE,FALSE,FALSE
utahcancer.com/team-members/julie-p-balk/,https://utahcancer.com/providers/julie-balk/,301,TRUE,TRUE,FALSE,FALSE
utahcancer.com/team-members/julie-p-balk,https://utahcancer.com/providers/julie-balk/,301,TRUE,TRUE,FALSE,FALSE
utahcancer.com/team-members/justin-a-call/,https://utahcancer.com/providers/justin-call/,301,TRUE,TRUE,FALSE,FALSE
utahcancer.com/team-members/justin-a-call,https://utahcancer.com/providers/justin-call/,301,TRUE,TRUE,FALSE,FALSE
utahcancer.com/team-members/kim-mcfee/,https://utahcancer.com/providers/kimberly-mcfee/,301,TRUE,TRUE,FALSE,FALSE
utahcancer.com/team-members/kim-mcfee,https://utahcancer.com/providers/kimberly-mcfee/,301,TRUE,TRUE,FALSE,FALSE
utahcancer.com/team-members/kylee-maliwauki/,https://utahcancer.com/providers/kylee-maliwauki/,301,TRUE,TRUE,FALSE,FALSE
utahcancer.com/team-members/kylee-maliwauki,https://utahcancer.com/providers/kylee-maliwauki/,301,TRUE,TRUE,FALSE,FALSE
utahcancer.com/team-members/lindsay-hunter/,https://utahcancer.com/providers/lindsay-hunter/,301,TRUE,TRUE,FALSE,FALSE
utahcancer.com/team-members/lindsay-hunter,https://utahcancer.com/providers/lindsay-hunter/,301,TRUE,TRUE,FALSE,FALSE
utahcancer.com/team-members/louise-tobey/,https://utahcancer.com/providers/louise-tobey/,301,TRUE,TRUE,FALSE,FALSE
utahcancer.com/team-members/louise-tobey,https://utahcancer.com/providers/louise-tobey/,301,TRUE,TRUE,FALSE,FALSE
utahcancer.com/team-members/maja-lusk/,https://utahcancer.com/providers/maja-lusk/,301,TRUE,TRUE,FALSE,FALSE
utahcancer.com/team-members/maja-lusk,https://utahcancer.com/providers/maja-lusk/,301,TRUE,TRUE,FALSE,FALSE
utahcancer.com/team-members/makaylie-s-crowther-dnp-fnp-c/,https://utahcancer.com/providers/makaylie-crowther/,301,TRUE,TRUE,FALSE,FALSE
utahcancer.com/team-members/makaylie-s-crowther-dnp-fnp-c,https://utahcancer.com/providers/makaylie-crowther/,301,TRUE,TRUE,FALSE,FALSE
utahcancer.com/team-members/nancy-walker-mortensen/,https://utahcancer.com/providers/nancy-mortensen/,301,TRUE,TRUE,FALSE,FALSE
utahcancer.com/team-members/nancy-walker-mortensen,https://utahcancer.com/providers/nancy-mortensen/,301,TRUE,TRUE,FALSE,FALSE
utahcancer.com/team-members/nathan-rich/,https://utahcancer.com/providers/nathan-rich/,301,TRUE,TRUE,FALSE,FALSE
utahcancer.com/team-members/nathan-rich,https://utahcancer.com/providers/nathan-rich/,301,TRUE,TRUE,FALSE,FALSE
utahcancer.com/team-members/nidhi-sharma-dnp-fnp-c/,https://utahcancer.com/providers/nidhi-sharma/,301,TRUE,TRUE,FALSE,FALSE
utahcancer.com/team-members/nidhi-sharma-dnp-fnp-c,https://utahcancer.com/providers/nidhi-sharma/,301,TRUE,TRUE,FALSE,FALSE
utahcancer.com/team-members/nitin-chandramouli/,https://utahcancer.com/providers/nitin-chandramouli/,301,TRUE,TRUE,FALSE,FALSE
utahcancer.com/team-members/nitin-chandramouli,https://utahcancer.com/providers/nitin-chandramouli/,301,TRUE,TRUE,FALSE,FALSE
utahcancer.com/team-members/r-jeffrey-lee/,https://utahcancer.com/providers/,301,TRUE,TRUE,FALSE,FALSE
utahcancer.com/team-members/r-jeffrey-lee,https://utahcancer.com/providers/,301,TRUE,TRUE,FALSE,FALSE
utahcancer.com/team-members/rachel-shenker-md/,https://utahcancer.com/providers/,301,TRUE,TRUE,FALSE,FALSE
utahcancer.com/team-members/rachel-shenker-md,https://utahcancer.com/providers/,301,TRUE,TRUE,FALSE,FALSE
utahcancer.com/team-members/richard-e-hanson/,https://utahcancer.com/providers/rik-hanson/,301,TRUE,TRUE,FALSE,FALSE
utahcancer.com/team-members/richard-e-hanson,https://utahcancer.com/providers/rik-hanson/,301,TRUE,TRUE,FALSE,FALSE
utahcancer.com/team-members/robert-a-harris/,https://utahcancer.com/providers/robert-harris/,301,TRUE,TRUE,FALSE,FALSE
utahcancer.com/team-members/robert-a-harris,https://utahcancer.com/providers/robert-harris/,301,TRUE,TRUE,FALSE,FALSE
utahcancer.com/team-members/robert-a-havard/,https://utahcancer.com/providers/robert-havard/,301,TRUE,TRUE,FALSE,FALSE
utahcancer.com/team-members/robert-a-havard,https://utahcancer.com/providers/robert-havard/,301,TRUE,TRUE,FALSE,FALSE
utahcancer.com/team-members/robert-isaak-md/,https://utahcancer.com/providers/robert-isaak/,301,TRUE,TRUE,FALSE,FALSE
utahcancer.com/team-members/robert-isaak-md,https://utahcancer.com/providers/robert-isaak/,301,TRUE,TRUE,FALSE,FALSE
utahcancer.com/team-members/samantha-gaffney/,https://utahcancer.com/providers/samantha-gaffney/,301,TRUE,TRUE,FALSE,FALSE
utahcancer.com/team-members/samantha-gaffney,https://utahcancer.com/providers/samantha-gaffney/,301,TRUE,TRUE,FALSE,FALSE
utahcancer.com/team-members/scott-samuelson/,https://utahcancer.com/providers/scott-samuelson/,301,TRUE,TRUE,FALSE,FALSE
utahcancer.com/team-members/scott-samuelson,https://utahcancer.com/providers/scott-samuelson/,301,TRUE,TRUE,FALSE,FALSE
utahcancer.com/team-members/shauna-olsen/,https://utahcancer.com/providers/shauna-olsen/,301,TRUE,TRUE,FALSE,FALSE
utahcancer.com/team-members/shauna-olsen,https://utahcancer.com/providers/shauna-olsen/,301,TRUE,TRUE,FALSE,FALSE
utahcancer.com/team-members/staci-gunter/,https://utahcancer.com/providers/staci-gunter/,301,TRUE,TRUE,FALSE,FALSE
utahcancer.com/team-members/staci-gunter,https://utahcancer.com/providers/staci-gunter/,301,TRUE,TRUE,FALSE,FALSE
utahcancer.com/team-members/stephanie-ellis/,https://utahcancer.com/providers/stephanie-ellis/,301,TRUE,TRUE,FALSE,FALSE
utahcancer.com/team-members/stephanie-ellis,https://utahcancer.com/providers/stephanie-ellis/,301,TRUE,TRUE,FALSE,FALSE
utahcancer.com/team-members/sunita-sigdel-anp/,https://utahcancer.com/providers/sunita-sigdel/,301,TRUE,TRUE,FALSE,FALSE
utahcancer.com/team-members/sunita-sigdel-anp,https://utahcancer.com/providers/sunita-sigdel/,301,TRUE,TRUE,FALSE,FALSE
utahcancer.com/team-members/thomas-b-skidmore/,https://utahcancer.com/providers/thomas-skidmore/,301,TRUE,TRUE,FALSE,FALSE
utahcancer.com/team-members/thomas-b-skidmore,https://utahcancer.com/providers/thomas-skidmore/,301,TRUE,TRUE,FALSE,FALSE
utahcancer.com/team-members/tylan-magnusson/,https://utahcancer.com/providers/tylan-magnusson/,301,TRUE,TRUE,FALSE,FALSE
utahcancer.com/team-members/tylan-magnusson,https://utahcancer.com/providers/tylan-magnusson/,301,TRUE,TRUE,FALSE,FALSE
utahcancer.com/team-members/wayne-ormsby/,https://utahcancer.com/providers/wayne-ormsby/,301,TRUE,TRUE,FALSE,FALSE
utahcancer.com/team-members/wayne-ormsby,https://utahcancer.com/providers/wayne-ormsby/,301,TRUE,TRUE,FALSE,FALSE
utahcancer.com/team-members/whitman-reed/,https://utahcancer.com/providers/hyatt-reed/,301,TRUE,TRUE,FALSE,FALSE
utahcancer.com/team-members/whitman-reed,https://utahcancer.com/providers/hyatt-reed/,301,TRUE,TRUE,FALSE,FALSE
utahcancer.com/team-members/william-b-mckean/,https://utahcancer.com/providers/william-mckean/,301,TRUE,TRUE,FALSE,FALSE
utahcancer.com/team-members/william-b-mckean,https://utahcancer.com/providers/william-mckean/,301,TRUE,TRUE,FALSE,FALSE
utahcancer.com/team-members/william-nibley/,https://utahcancer.com/providers/william-nibley/,301,TRUE,TRUE,FALSE,FALSE
utahcancer.com/team-members/william-nibley,https://utahcancer.com/providers/william-nibley/,301,TRUE,TRUE,FALSE,FALSE
utahcancer.com/team-members/william-t-stephenson-ii/,https://utahcancer.com/providers/william-stephenson/,301,TRUE,TRUE,FALSE,FALSE
utahcancer.com/team-members/william-t-stephenson-ii,https://utahcancer.com/providers/william-stephenson/,301,TRUE,TRUE,FALSE,FALSE
utahcancer.com/team-members/xylina-gregg/,https://utahcancer.com/providers/xylina-gregg/,301,TRUE,TRUE,FALSE,FALSE
utahcancer.com/team-members/xylina-gregg,https://utahcancer.com/providers/xylina-gregg/,301,TRUE,TRUE,FALSE,FALSE
utahcancer.com/telehealth/,https://utahcancer.com/telehealth/,301,TRUE,TRUE,FALSE,FALSE
utahcancer.com/telehealth,https://utahcancer.com/telehealth/,301,TRUE,TRUE,FALSE,FALSE
utahcancer.com/thyroid-cancer-treatment-in-utah/,https://utahcancer.com/specialties/thyroid-cancer/,301,TRUE,TRUE,FALSE,FALSE
utahcancer.com/thyroid-cancer-treatment-in-utah,https://utahcancer.com/specialties/thyroid-cancer/,301,TRUE,TRUE,FALSE,FALSE
utahcancer.com/timpanogos/,https://utahcancer.com/locations/timpanogos/,301,TRUE,TRUE,FALSE,FALSE
utahcancer.com/timpanogos,https://utahcancer.com/locations/timpanogos/,301,TRUE,TRUE,FALSE,FALSE
utahcancer.com/treatment-options/,https://utahcancer.com/treatment-options/,301,TRUE,TRUE,FALSE,FALSE
utahcancer.com/treatment-options,https://utahcancer.com/treatment-options/,301,TRUE,TRUE,FALSE,FALSE
utahcancer.com/trial-category/all-comers/,https://utahcancer.com/late-phase-trials/#trials-all-comers,301,TRUE,TRUE,FALSE,FALSE
utahcancer.com/trial-category/all-comers,https://utahcancer.com/late-phase-trials/#trials-all-comers,301,TRUE,TRUE,FALSE,FALSE
utahcancer.com/trial-category/breast-cancer/,https://utahcancer.com/late-phase-trials/#trials-breast,301,TRUE,TRUE,FALSE,FALSE
utahcancer.com/trial-category/breast-cancer,https://utahcancer.com/late-phase-trials/#trials-breast,301,TRUE,TRUE,FALSE,FALSE
utahcancer.com/trial-category/colorectal/,https://utahcancer.com/late-phase-trials/#trials-colorectal,301,TRUE,TRUE,FALSE,FALSE
utahcancer.com/trial-category/colorectal,https://utahcancer.com/late-phase-trials/#trials-colorectal,301,TRUE,TRUE,FALSE,FALSE
utahcancer.com/trial-category/extensive-stage-small-cell-lung-cancer/,https://utahcancer.com/late-phase-trials/#trials-es-sclc,301,TRUE,TRUE,FALSE,FALSE
utahcancer.com/trial-category/extensive-stage-small-cell-lung-cancer,https://utahcancer.com/late-phase-trials/#trials-es-sclc,301,TRUE,TRUE,FALSE,FALSE
utahcancer.com/trial-category/gastrointestinal-stromal-tumors/,https://utahcancer.com/late-phase-trials/#trials-gist,301,TRUE,TRUE,FALSE,FALSE
utahcancer.com/trial-category/gastrointestinal-stromal-tumors,https://utahcancer.com/late-phase-trials/#trials-gist,301,TRUE,TRUE,FALSE,FALSE
utahcancer.com/trial-category/head-neck/,https://utahcancer.com/late-phase-trials/#trials-head-neck,301,TRUE,TRUE,FALSE,FALSE
utahcancer.com/trial-category/head-neck,https://utahcancer.com/late-phase-trials/#trials-head-neck,301,TRUE,TRUE,FALSE,FALSE
utahcancer.com/trial-category/hr-her2-breast-cancer/,https://utahcancer.com/late-phase-trials/#trials-hr-positive-breast,301,TRUE,TRUE,FALSE,FALSE
utahcancer.com/trial-category/hr-her2-breast-cancer,https://utahcancer.com/late-phase-trials/#trials-hr-positive-breast,301,TRUE,TRUE,FALSE,FALSE
utahcancer.com/trial-category/lung-non-small-cell/,https://utahcancer.com/late-phase-trials/#trials-lung-rmc,301,TRUE,TRUE,FALSE,FALSE
utahcancer.com/trial-category/lung-non-small-cell,https://utahcancer.com/late-phase-trials/#trials-lung-rmc,301,TRUE,TRUE,FALSE,FALSE
utahcancer.com/trial-category/metastatic-castration-resistant-prostate-cancer/,https://utahcancer.com/late-phase-trials/#trials-prostate,301,TRUE,TRUE,FALSE,FALSE
utahcancer.com/trial-category/metastatic-castration-resistant-prostate-cancer,https://utahcancer.com/late-phase-trials/#trials-prostate,301,TRUE,TRUE,FALSE,FALSE
utahcancer.com/trial-category/metastatic-colorectal-cancer/,https://utahcancer.com/late-phase-trials/#trials-metastatic-colorectal,301,TRUE,TRUE,FALSE,FALSE
utahcancer.com/trial-category/metastatic-colorectal-cancer,https://utahcancer.com/late-phase-trials/#trials-metastatic-colorectal,301,TRUE,TRUE,FALSE,FALSE
utahcancer.com/trial-category/multiple-myeloma/,https://utahcancer.com/late-phase-trials/#trials-myeloma,301,TRUE,TRUE,FALSE,FALSE
utahcancer.com/trial-category/multiple-myeloma,https://utahcancer.com/late-phase-trials/#trials-myeloma,301,TRUE,TRUE,FALSE,FALSE
utahcancer.com/trial-category/non-small-cell-lung-cancer/,https://utahcancer.com/late-phase-trials/#trials-lung-rmc,301,TRUE,TRUE,FALSE,FALSE
utahcancer.com/trial-category/non-small-cell-lung-cancer,https://utahcancer.com/late-phase-trials/#trials-lung-rmc,301,TRUE,TRUE,FALSE,FALSE
utahcancer.com/trial-category/observational-lab/,https://utahcancer.com/late-phase-trials/#trials-observational,301,TRUE,TRUE,FALSE,FALSE
utahcancer.com/trial-category/observational-lab,https://utahcancer.com/late-phase-trials/#trials-observational,301,TRUE,TRUE,FALSE,FALSE
utahcancer.com/trial-category/ovarian-cancer/,https://utahcancer.com/late-phase-trials/#trials-ovarian,301,TRUE,TRUE,FALSE,FALSE
utahcancer.com/trial-category/ovarian-cancer,https://utahcancer.com/late-phase-trials/#trials-ovarian,301,TRUE,TRUE,FALSE,FALSE
utahcancer.com/trial-category/pancreatic-cancer/,https://utahcancer.com/late-phase-trials/#trials-pancreatic,301,TRUE,TRUE,FALSE,FALSE
utahcancer.com/trial-category/pancreatic-cancer,https://utahcancer.com/late-phase-trials/#trials-pancreatic,301,TRUE,TRUE,FALSE,FALSE
utahcancer.com/uterine-cancer-treatment-in-utah/,https://utahcancer.com/specialties/uterine-cancer/,301,TRUE,TRUE,FALSE,FALSE
utahcancer.com/uterine-cancer-treatment-in-utah,https://utahcancer.com/specialties/uterine-cancer/,301,TRUE,TRUE,FALSE,FALSE
utahcancer.com/utah-valley-hospital/,https://utahcancer.com/locations/provo/,301,TRUE,TRUE,FALSE,FALSE
utahcancer.com/utah-valley-hospital,https://utahcancer.com/locations/provo/,301,TRUE,TRUE,FALSE,FALSE
utahcancer.com/west-jordan/,https://utahcancer.com/locations/jordan-valley/,301,TRUE,TRUE,FALSE,FALSE
utahcancer.com/west-jordan,https://utahcancer.com/locations/jordan-valley/,301,TRUE,TRUE,FALSE,FALSE
